days,departure,return
8,2026-10-01,2026-10-08
9,2026-10-01,2026-10-09
10,2026-10-01,2026-10-10
8,2026-10-02,2026-10-09
9,2026-10-02,2026-10-10
10,2026-10-02,2026-10-11
8,2026-10-03,2026-10-10
9,2026-10-03,2026-10-11
10,2026-10-03,2026-10-12
8,2026-10-04,2026-10-11
9,2026-10-04,2026-10-12
10,2026-10-04,2026-10-13
8,2026-10-05,2026-10-12
9,2026-10-05,2026-10-13
10,2026-10-05,2026-10-14
8,2026-10-06,2026-10-13
9,2026-10-06,2026-10-14
10,2026-10-06,2026-10-15
8,2026-10-07,2026-10-14
9,2026-10-07,2026-10-15
10,2026-10-07,2026-10-16
8,2026-10-08,2026-10-15
9,2026-10-08,2026-10-16
10,2026-10-08,2026-10-17
8,2026-10-09,2026-10-16
9,2026-10-09,2026-10-17
10,2026-10-09,2026-10-18
8,2026-10-10,2026-10-17
9,2026-10-10,2026-10-18
10,2026-10-10,2026-10-19
8,2026-10-11,2026-10-18
9,2026-10-11,2026-10-19
10,2026-10-11,2026-10-20
8,2026-10-12,2026-10-19
9,2026-10-12,2026-10-20
10,2026-10-12,2026-10-21
8,2026-10-13,2026-10-20
9,2026-10-13,2026-10-21
10,2026-10-13,2026-10-22
8,2026-10-14,2026-10-21
9,2026-10-14,2026-10-22
10,2026-10-14,2026-10-23
8,2026-10-15,2026-10-22
9,2026-10-15,2026-10-23
10,2026-10-15,2026-10-24
8,2026-10-16,2026-10-23
9,2026-10-16,2026-10-24
10,2026-10-16,2026-10-25
8,2026-10-17,2026-10-24
9,2026-10-17,2026-10-25
10,2026-10-17,2026-10-26
8,2026-10-18,2026-10-25
9,2026-10-18,2026-10-26
10,2026-10-18,2026-10-27
8,2026-10-19,2026-10-26
9,2026-10-19,2026-10-27
10,2026-10-19,2026-10-28
8,2026-10-20,2026-10-27
9,2026-10-20,2026-10-28
10,2026-10-20,2026-10-29
8,2026-10-21,2026-10-28
9,2026-10-21,2026-10-29
10,2026-10-21,2026-10-30
8,2026-10-22,2026-10-29
9,2026-10-22,2026-10-30
10,2026-10-22,2026-10-31
8,2026-10-23,2026-10-30
9,2026-10-23,2026-10-31
10,2026-10-23,2026-11-01
8,2026-10-24,2026-10-31
9,2026-10-24,2026-11-01
10,2026-10-24,2026-11-02
8,2026-10-25,2026-11-01
9,2026-10-25,2026-11-02
10,2026-10-25,2026-11-03
8,2026-10-26,2026-11-02
9,2026-10-26,2026-11-03
10,2026-10-26,2026-11-04
8,2026-10-27,2026-11-03
9,2026-10-27,2026-11-04
10,2026-10-27,2026-11-05
8,2026-10-28,2026-11-04
9,2026-10-28,2026-11-05
10,2026-10-28,2026-11-06
8,2026-10-29,2026-11-05
9,2026-10-29,2026-11-06
10,2026-10-29,2026-11-07
8,2026-10-30,2026-11-06
9,2026-10-30,2026-11-07
10,2026-10-30,2026-11-08
8,2026-10-31,2026-11-07
9,2026-10-31,2026-11-08
10,2026-10-31,2026-11-09
